Obs,Day,Month,Year
1,2,1,2000
2,2,1,2000
3,5,1,2000
4,6,1,2000
5,7,1,2000
6,7,1,2000
7,10,1,2000
8,11,1,2000
9,12,1,2000
10,17,1,2000
11,23,1,2000
12,24,1,2000
13,28,1,2000
14,31,1,2000
15,4,2,2000
16,5,2,2000
17,7,2,2000
18,7,2,2000
19,7,2,2000
20,8,2,2000
21,11,2,2000
22,12,2,2000
23,17,2,2000
24,19,2,2000
25,20,2,2000
26,20,2,2000
27,21,2,2000
28,22,2,2000
29,23,2,2000
30,23,2,2000
31,24,2,2000
32,25,2,2000
33,27,2,2000
34,27,2,2000
35,1,3,2000
36,3,3,2000
37,4,3,2000
38,4,3,2000
39,6,3,2000
40,14,3,2000
41,15,3,2000
42,15,3,2000
43,16,3,2000
44,17,3,2000
45,23,3,2000
46,26,3,2000
47,28,3,2000
48,28,3,2000
49,29,3,2000
50,30,3,2000
51,30,3,2000
52,30,3,2000
53,31,3,2000
54,3,4,2000
55,8,4,2000
56,8,4,2000
57,14,4,2000
58,15,4,2000
59,18,4,2000
60,21,4,2000
61,22,4,2000
62,22,4,2000
63,28,4,2000
64,30,4,2000
65,5,5,2000
66,10,5,2000
67,11,5,2000
68,18,5,2000
69,20,5,2000
70,26,5,2000
71,26,5,2000
72,28,5,2000
73,4,6,2000
74,8,6,2000
75,10,6,2000
76,10,6,2000
77,12,6,2000
78,12,6,2000
79,16,6,2000
80,16,6,2000
81,18,6,2000
82,19,6,2000
83,20,6,2000
84,20,6,2000
85,21,6,2000
86,26,6,2000
87,26,6,2000
88,27,6,2000
89,30,6,2000
90,2,7,2000
91,3,7,2000
92,8,7,2000
93,8,7,2000
94,19,7,2000
95,19,7,2000
96,20,7,2000
97,23,7,2000
98,23,7,2000
99,26,7,2000
100,26,7,2000
101,27,7,2000
102,27,7,2000
103,30,7,2000
104,2,8,2000
105,4,8,2000
106,4,8,2000
107,5,8,2000
108,5,8,2000
109,11,8,2000
110,11,8,2000
111,17,8,2000
112,20,8,2000
113,20,8,2000
114,22,8,2000
115,24,8,2000
116,27,8,2000
117,30,8,2000
118,1,9,2000
119,2,9,2000
120,10,9,2000
121,11,9,2000
122,12,9,2000
123,14,9,2000
124,15,9,2000
125,16,9,2000
126,18,9,2000
127,18,9,2000
128,23,9,2000
129,24,9,2000
130,29,9,2000
131,30,9,2000
132,1,10,2000
133,7,10,2000
134,10,10,2000
135,12,10,2000
136,16,10,2000
137,17,10,2000
138,20,10,2000
139,20,10,2000
140,24,10,2000
141,24,10,2000
142,25,10,2000
143,26,10,2000
144,31,10,2000
145,3,11,2000
146,8,11,2000
147,9,11,2000
148,13,11,2000
149,14,11,2000
150,15,11,2000
151,15,11,2000
152,18,11,2000
153,19,11,2000
154,26,11,2000
155,28,11,2000
156,29,11,2000
157,29,11,2000
158,3,12,2000
159,7,12,2000
160,8,12,2000
161,10,12,2000
162,11,12,2000
163,11,12,2000
164,12,12,2000
165,13,12,2000
166,14,12,2000
167,15,12,2000
168,19,12,2000
169,20,12,2000
170,22,12,2000
171,24,12,2000
172,25,12,2000
173,25,12,2000
174,1,1,2001
175,4,1,2001
176,5,1,2001
177,16,1,2001
178,17,1,2001
179,17,1,2001
180,19,1,2001
181,20,1,2001
182,21,1,2001
183,24,1,2001
184,25,1,2001
185,29,1,2001
186,1,2,2001
187,4,2,2001
188,12,2,2001
189,14,2,2001
190,17,2,2001
191,17,2,2001
192,18,2,2001
193,22,2,2001
194,23,2,2001
195,25,2,2001
196,26,2,2001
197,27,2,2001
198,6,3,2001
199,6,3,2001
200,7,3,2001
201,7,3,2001
202,12,3,2001
203,17,3,2001
204,18,3,2001
205,18,3,2001
206,28,3,2001
207,29,3,2001
208,30,3,2001
209,3,4,2001
210,5,4,2001
211,7,4,2001
212,7,4,2001
213,7,4,2001
214,11,4,2001
215,11,4,2001
216,17,4,2001
217,18,4,2001
218,18,4,2001
219,26,4,2001
220,28,4,2001
221,1,5,2001
222,6,5,2001
223,8,5,2001
224,14,5,2001
225,14,5,2001
226,18,5,2001
227,18,5,2001
228,20,5,2001
229,23,5,2001
230,23,5,2001
231,4,6,2001
232,5,6,2001
233,11,6,2001
234,15,6,2001
235,21,6,2001
236,22,6,2001
237,24,6,2001
238,30,6,2001
239,7,7,2001
240,9,7,2001
241,11,7,2001
242,14,7,2001
243,14,7,2001
244,19,7,2001
245,20,7,2001
246,20,7,2001
247,22,7,2001
248,24,7,2001
249,27,7,2001
250,27,7,2001
251,29,7,2001
252,29,7,2001
253,3,8,2001
254,6,8,2001
255,9,8,2001
256,12,8,2001
257,13,8,2001
258,13,8,2001
259,15,8,2001
260,19,8,2001
261,19,8,2001
262,19,8,2001
263,21,8,2001
264,21,8,2001
265,21,8,2001
266,21,8,2001
267,22,8,2001
268,22,8,2001
269,25,8,2001
270,26,8,2001
271,27,8,2001
272,28,8,2001
273,30,8,2001
274,1,9,2001
275,1,9,2001
276,1,9,2001
277,1,9,2001
278,4,9,2001
279,5,9,2001
280,7,9,2001
281,11,9,2001
282,17,9,2001
283,18,9,2001
284,20,9,2001
285,20,9,2001
286,21,9,2001
287,21,9,2001
288,22,9,2001
289,25,9,2001
290,25,9,2001
291,26,9,2001
292,28,9,2001
293,28,9,2001
294,1,10,2001
295,1,10,2001
296,7,10,2001
297,8,10,2001
298,8,10,2001
299,13,10,2001
300,14,10,2001
301,18,10,2001
302,19,10,2001
303,19,10,2001
304,20,10,2001
305,20,10,2001
306,20,10,2001
307,23,10,2001
308,24,10,2001
309,26,10,2001
310,26,10,2001
311,27,10,2001
312,29,10,2001
313,7,11,2001
314,8,11,2001
315,8,11,2001
316,9,11,2001
317,10,11,2001
318,10,11,2001
319,13,11,2001
320,13,11,2001
321,14,11,2001
322,15,11,2001
323,19,11,2001
324,21,11,2001
325,21,11,2001
326,23,11,2001
327,24,11,2001
328,24,11,2001
329,24,11,2001
330,26,11,2001
331,27,11,2001
332,28,11,2001
333,30,11,2001
334,3,12,2001
335,3,12,2001
336,5,12,2001
337,12,12,2001
338,14,12,2001
339,16,12,2001
340,18,12,2001
341,23,12,2001
342,23,12,2001
343,24,12,2001
344,26,12,2001
345,28,12,2001
346,29,12,2001
347,31,12,2001
348,1,1,2002
349,1,1,2002
350,4,1,2002
351,4,1,2002
352,5,1,2002
353,7,1,2002
354,9,1,2002
355,10,1,2002
356,14,1,2002
357,17,1,2002
358,18,1,2002
359,18,1,2002
360,20,1,2002
361,21,1,2002
362,22,1,2002
363,22,1,2002
364,23,1,2002
365,25,1,2002
366,26,1,2002
367,1,2,2002
368,7,2,2002
369,9,2,2002
370,11,2,2002
371,12,2,2002
372,12,2,2002
373,15,2,2002
374,16,2,2002
375,17,2,2002
376,22,2,2002
377,22,2,2002
378,22,2,2002
379,22,2,2002
380,23,2,2002
381,23,2,2002
382,27,2,2002
383,1,3,2002
384,3,3,2002
385,4,3,2002
386,6,3,2002
387,6,3,2002
388,7,3,2002
389,8,3,2002
390,9,3,2002
391,9,3,2002
392,10,3,2002
393,11,3,2002
394,12,3,2002
395,12,3,2002
396,17,3,2002
397,21,3,2002
398,25,3,2002
399,25,3,2002
400,26,3,2002
401,29,3,2002
402,30,3,2002
403,30,3,2002
404,31,3,2002
405,1,4,2002
406,3,4,2002
407,4,4,2002
408,6,4,2002
409,6,4,2002
410,7,4,2002
411,8,4,2002
412,12,4,2002
413,13,4,2002
414,17,4,2002
415,18,4,2002
416,19,4,2002
417,23,4,2002
418,11,5,2002
419,13,5,2002
420,26,5,2002
421,27,5,2002
422,28,5,2002
423,28,5,2002
424,29,5,2002
425,29,5,2002
426,2,6,2002
427,3,6,2002
428,4,6,2002
429,5,6,2002
430,7,6,2002
431,7,6,2002
432,7,6,2002
433,10,6,2002
434,11,6,2002
435,11,6,2002
436,15,6,2002
437,15,6,2002
438,17,6,2002
439,22,6,2002
440,24,6,2002
441,25,6,2002
442,27,6,2002
443,28,6,2002
444,3,7,2002
445,6,7,2002
446,8,7,2002
447,8,7,2002
448,9,7,2002
449,11,7,2002
450,12,7,2002
451,13,7,2002
452,13,7,2002
453,17,7,2002
454,22,7,2002
455,22,7,2002
456,23,7,2002
457,23,7,2002
458,25,7,2002
459,28,7,2002
460,3,8,2002
461,4,8,2002
462,4,8,2002
463,5,8,2002
464,7,8,2002
465,7,8,2002
466,8,8,2002
467,8,8,2002
468,9,8,2002
469,11,8,2002
470,15,8,2002
471,15,8,2002
472,16,8,2002
473,16,8,2002
474,23,8,2002
475,27,8,2002
476,27,8,2002
477,27,8,2002
478,29,8,2002
479,3,9,2002
480,3,9,2002
481,7,9,2002
482,12,9,2002
483,13,9,2002
484,13,9,2002
485,14,9,2002
486,14,9,2002
487,14,9,2002
488,14,9,2002
489,18,9,2002
490,18,9,2002
491,20,9,2002
492,20,9,2002
493,22,9,2002
494,22,9,2002
495,25,9,2002
496,27,9,2002
497,28,9,2002
498,30,9,2002
499,1,10,2002
500,5,10,2002
501,6,10,2002
502,7,10,2002
503,10,10,2002
504,10,10,2002
505,13,10,2002
506,13,10,2002
507,14,10,2002
508,14,10,2002
509,15,10,2002
510,16,10,2002
511,18,10,2002
512,19,10,2002
513,19,10,2002
514,22,10,2002
515,22,10,2002
516,25,10,2002
517,26,10,2002
518,27,10,2002
519,29,10,2002
520,30,10,2002
521,1,11,2002
522,2,11,2002
523,4,11,2002
524,8,11,2002
525,9,11,2002
526,10,11,2002
527,13,11,2002
528,18,11,2002
529,19,11,2002
530,20,11,2002
531,20,11,2002
532,23,11,2002
533,24,11,2002
534,26,11,2002
535,27,11,2002
536,27,11,2002
537,29,11,2002
538,30,11,2002
539,30,11,2002
540,30,11,2002
541,30,11,2002
542,8,12,2002
543,8,12,2002
544,8,12,2002
545,13,12,2002
546,20,12,2002
547,25,12,2002
548,28,12,2002
549,29,12,2002
550,31,12,2002
551,1,1,2003
552,1,1,2003
553,3,1,2003
554,3,1,2003
555,3,1,2003
556,4,1,2003
557,4,1,2003
558,5,1,2003
559,7,1,2003
560,7,1,2003
561,13,1,2003
562,15,1,2003
563,15,1,2003
564,17,1,2003
565,19,1,2003
566,19,1,2003
567,20,1,2003
568,25,1,2003
569,25,1,2003
570,1,2,2003
571,4,2,2003
572,8,2,2003
573,13,2,2003
574,14,2,2003
575,17,2,2003
576,17,2,2003
577,18,2,2003
578,22,2,2003
579,22,2,2003
580,23,2,2003
581,23,2,2003
582,1,3,2003
583,7,3,2003
584,10,3,2003
585,12,3,2003
586,12,3,2003
587,13,3,2003
588,17,3,2003
589,17,3,2003
590,21,3,2003
591,23,3,2003
592,24,3,2003
593,24,3,2003
594,25,3,2003
595,3,4,2003
596,3,4,2003
597,4,4,2003
598,7,4,2003
599,10,4,2003
600,12,4,2003
601,13,4,2003
602,14,4,2003
603,14,4,2003
604,21,4,2003
605,23,4,2003
606,23,4,2003
607,28,4,2003
608,2,5,2003
609,3,5,2003
610,8,5,2003
611,9,5,2003
612,10,5,2003
613,11,5,2003
614,11,5,2003
615,15,5,2003
616,17,5,2003
617,23,5,2003
618,24,5,2003
619,25,5,2003
620,25,5,2003
621,26,5,2003
622,27,5,2003
623,31,5,2003
624,31,5,2003
625,3,6,2003
626,5,6,2003
627,5,6,2003
628,8,6,2003
629,9,6,2003
630,11,6,2003
631,12,6,2003
632,13,6,2003
633,15,6,2003
634,17,6,2003
635,19,6,2003
636,20,6,2003
637,24,6,2003
638,25,6,2003
639,26,6,2003
640,28,6,2003
641,28,6,2003
642,30,6,2003
643,30,6,2003
644,2,7,2003
645,6,7,2003
646,7,7,2003
647,9,7,2003
648,12,7,2003
649,17,7,2003
650,20,7,2003
651,21,7,2003
652,22,7,2003
653,23,7,2003
654,28,7,2003
655,1,8,2003
656,3,8,2003
657,3,8,2003
658,6,8,2003
659,11,8,2003
660,12,8,2003
661,14,8,2003
662,18,8,2003
663,18,8,2003
664,24,8,2003
665,30,8,2003
666,1,9,2003
667,4,9,2003
668,4,9,2003
669,6,9,2003
670,10,9,2003
671,11,9,2003
672,12,9,2003
673,13,9,2003
674,13,9,2003
675,14,9,2003
676,20,9,2003
677,21,9,2003
678,22,9,2003
679,23,9,2003
680,24,9,2003
681,24,9,2003
682,27,9,2003
683,28,9,2003
684,30,9,2003
685,31,9,2003
686,2,10,2003
687,7,10,2003
688,7,10,2003
689,7,10,2003
690,8,10,2003
691,8,10,2003
692,9,10,2003
693,11,10,2003
694,13,10,2003
695,13,10,2003
696,14,10,2003
697,17,10,2003
698,17,10,2003
699,17,10,2003
700,18,10,2003
701,23,10,2003
702,25,10,2003
703,30,10,2003
704,30,10,2003
705,2,11,2003
706,2,11,2003
707,4,11,2003
708,9,11,2003
709,11,11,2003
710,14,11,2003
711,16,11,2003
712,16,11,2003
713,17,11,2003
714,21,11,2003
715,22,11,2003
716,26,11,2003
717,27,11,2003
718,28,11,2003
719,1,12,2003
720,3,12,2003
721,4,12,2003
722,5,12,2003
723,8,12,2003
724,12,12,2003
725,16,12,2003
726,16,12,2003
727,17,12,2003
728,18,12,2003
729,20,12,2003
730,21,12,2003
731,21,12,2003
732,22,12,2003
733,22,12,2003
734,26,12,2003
735,27,12,2003
736,28,12,2003
737,30,12,2003
738,31,12,2003
739,9,1,2004
740,10,1,2004
741,12,1,2004
742,12,1,2004
743,12,1,2004
744,13,1,2004
745,17,1,2004
746,21,1,2004
747,26,1,2004
748,27,1,2004
749,29,1,2004
750,3,2,2004
751,4,2,2004
752,5,2,2004
753,9,2,2004
754,10,2,2004
755,12,2,2004
756,13,2,2004
757,13,2,2004
758,14,2,2004
759,15,2,2004
760,16,2,2004
761,17,2,2004
762,20,2,2004
763,24,2,2004
764,26,2,2004
765,28,2,2004
766,4,3,2004
767,5,3,2004
768,6,3,2004
769,11,3,2004
770,16,3,2004
771,16,3,2004
772,27,3,2004
773,1,4,2004
774,2,4,2004
775,2,4,2004
776,3,4,2004
777,5,4,2004
778,20,4,2004
779,24,4,2004
780,25,4,2004
781,26,4,2004
782,27,4,2004
783,28,4,2004
784,1,5,2004
785,2,5,2004
786,3,5,2004
787,10,5,2004
788,11,5,2004
789,15,5,2004
790,15,5,2004
791,17,5,2004
792,21,5,2004
793,24,5,2004
794,30,5,2004
795,2,6,2004
796,2,6,2004
797,2,6,2004
798,5,6,2004
799,6,6,2004
800,6,6,2004
801,6,6,2004
802,7,6,2004
803,8,6,2004
804,9,6,2004
805,10,6,2004
806,11,6,2004
807,11,6,2004
808,14,6,2004
809,18,6,2004
810,18,6,2004
811,24,6,2004
812,29,6,2004
813,30,6,2004
814,4,7,2004
815,6,7,2004
816,9,7,2004
817,9,7,2004
818,11,7,2004
819,12,7,2004
820,14,7,2004
821,17,7,2004
822,17,7,2004
823,21,7,2004
824,22,7,2004
825,22,7,2004
826,24,7,2004
827,24,7,2004
828,25,7,2004
829,25,7,2004
830,26,7,2004
831,27,7,2004
832,27,7,2004
833,28,7,2004
834,28,7,2004
835,31,7,2004
836,7,8,2004
837,10,8,2004
838,12,8,2004
839,14,8,2004
840,21,8,2004
841,21,8,2004
842,22,8,2004
843,24,8,2004
844,24,8,2004
845,27,8,2004
846,3,9,2004
847,4,9,2004
848,5,9,2004
849,11,9,2004
850,12,9,2004
851,15,9,2004
852,15,9,2004
853,15,9,2004
854,17,9,2004
855,18,9,2004
856,21,9,2004
857,21,9,2004
858,25,9,2004
859,28,9,2004
860,29,9,2004
861,30,9,2004
862,1,10,2004
863,7,10,2004
864,8,10,2004
865,9,10,2004
866,9,10,2004
867,13,10,2004
868,16,10,2004
869,18,10,2004
870,18,10,2004
871,22,10,2004
872,23,10,2004
873,25,10,2004
874,26,10,2004
875,27,10,2004
876,27,10,2004
877,29,10,2004
878,1,11,2004
879,3,11,2004
880,5,11,2004
881,10,11,2004
882,10,11,2004
883,12,11,2004
884,14,11,2004
885,21,11,2004
886,21,11,2004
887,23,11,2004
888,24,11,2004
889,24,11,2004
890,4,12,2004
891,4,12,2004
892,5,12,2004
893,5,12,2004
894,7,12,2004
895,7,12,2004
896,13,12,2004
897,17,12,2004
898,18,12,2004
899,20,12,2004
900,20,12,2004
901,21,12,2004
902,21,12,2004
903,21,12,2004
904,23,12,2004
905,24,12,2004
906,26,12,2004
907,1,1,2005
908,2,1,2005
909,2,1,2005
910,2,1,2005
911,3,1,2005
912,5,1,2005
913,5,1,2005
914,5,1,2005
915,9,1,2005
916,10,1,2005
917,12,1,2005
918,14,1,2005
919,21,1,2005
920,23,1,2005
921,23,1,2005
922,24,1,2005
923,28,1,2005
924,1,2,2005
925,2,2,2005
926,2,2,2005
927,5,2,2005
928,5,2,2005
929,6,2,2005
930,9,2,2005
931,9,2,2005
932,12,2,2005
933,17,2,2005
934,19,2,2005
935,20,2,2005
936,20,2,2005
937,21,2,2005
938,23,2,2005
939,24,2,2005
940,25,2,2005
941,26,2,2005
942,28,2,2005
943,3,3,2005
944,3,3,2005
945,6,3,2005
946,6,3,2005
947,10,3,2005
948,11,3,2005
949,11,3,2005
950,15,3,2005
951,17,3,2005
952,18,3,2005
953,22,3,2005
954,27,3,2005
955,29,3,2005
956,1,4,2005
957,3,4,2005
958,8,4,2005
959,9,4,2005
960,11,4,2005
961,13,4,2005
962,19,4,2005
963,19,4,2005
964,26,4,2005
965,27,4,2005
966,30,4,2005
967,2,5,2005
968,2,5,2005
969,3,5,2005
970,6,5,2005
971,7,5,2005
972,9,5,2005
973,9,5,2005
974,10,5,2005
975,12,5,2005
976,22,5,2005
977,24,5,2005
978,26,5,2005
979,28,5,2005
980,31,5,2005
981,31,5,2005
982,31,5,2005
983,31,5,2005
984,1,6,2005
985,3,6,2005
986,4,6,2005
987,5,6,2005
988,5,6,2005
989,8,6,2005
990,11,6,2005
991,12,6,2005
992,12,6,2005
993,16,6,2005
994,19,6,2005
995,24,6,2005
996,28,6,2005
997,2,7,2005
998,2,7,2005
999,5,7,2005
1000,7,7,2005
1001,11,7,2005
1002,12,7,2005
1003,12,7,2005
1004,13,7,2005
1005,15,7,2005
1006,17,7,2005
1007,18,7,2005
1008,21,7,2005
1009,22,7,2005
1010,25,7,2005
1011,27,7,2005
1012,27,7,2005
1013,27,7,2005
1014,30,7,2005
1015,30,7,2005
1016,31,7,2005
1017,3,8,2005
1018,3,8,2005
1019,3,8,2005
1020,6,8,2005
1021,12,8,2005
1022,17,8,2005
1023,20,8,2005
1024,21,8,2005
1025,21,8,2005
1026,21,8,2005
1027,29,8,2005
1028,1,9,2005
1029,2,9,2005
1030,4,9,2005
1031,6,9,2005
1032,8,9,2005
1033,8,9,2005
1034,8,9,2005
1035,9,9,2005
1036,9,9,2005
1037,13,9,2005
1038,13,9,2005
1039,16,9,2005
1040,17,9,2005
1041,17,9,2005
1042,18,9,2005
1043,21,9,2005
1044,26,9,2005
1045,27,9,2005
1046,28,9,2005
1047,30,9,2005
1048,4,10,2005
1049,6,10,2005
1050,8,10,2005
1051,15,10,2005
1052,17,10,2005
1053,19,10,2005
1054,26,10,2005
1055,3,11,2005
1056,3,11,2005
1057,4,11,2005
1058,6,11,2005
1059,9,11,2005
1060,10,11,2005
1061,10,11,2005
1062,11,11,2005
1063,11,11,2005
1064,14,11,2005
1065,15,11,2005
1066,16,11,2005
1067,17,11,2005
1068,18,11,2005
1069,20,11,2005
1070,24,11,2005
1071,27,11,2005
1072,27,11,2005
1073,2,12,2005
1074,6,12,2005
1075,6,12,2005
1076,7,12,2005
1077,8,12,2005
1078,9,12,2005
1079,10,12,2005
1080,11,12,2005
1081,11,12,2005
1082,12,12,2005
1083,16,12,2005
1084,16,12,2005
1085,21,12,2005
1086,21,12,2005
1087,22,12,2005
1088,23,12,2005
1089,24,12,2005
1090,25,12,2005
1091,25,12,2005
1092,27,12,2005
1093,28,12,2005
1094,28,12,2005
1095,28,12,2005
1096,30,12,2005
1097,1,1,2006
1098,2,1,2006
1099,5,1,2006
1100,6,1,2006
1101,10,1,2006
1102,14,1,2006
1103,15,1,2006
1104,16,1,2006
1105,17,1,2006
1106,18,1,2006
1107,18,1,2006
1108,21,1,2006
1109,27,1,2006
1110,29,1,2006
1111,1,2,2006
1112,1,2,2006
1113,1,2,2006
1114,4,2,2006
1115,4,2,2006
1116,4,2,2006
1117,11,2,2006
1118,14,2,2006
1119,16,2,2006
1120,16,2,2006
1121,18,2,2006
1122,19,2,2006
1123,20,2,2006
1124,21,2,2006
1125,28,2,2006
1126,1,3,2006
1127,3,3,2006
1128,6,3,2006
1129,9,3,2006
1130,25,3,2006
1131,26,3,2006
1132,28,3,2006
1133,30,3,2006
1134,2,4,2006
1135,4,4,2006
1136,6,4,2006
1137,6,4,2006
1138,12,4,2006
1139,13,4,2006
1140,16,4,2006
1141,18,4,2006
1142,18,4,2006
1143,24,4,2006
1144,26,4,2006
1145,28,4,2006
1146,2,5,2006
1147,4,5,2006
1148,4,5,2006
1149,5,5,2006
1150,6,5,2006
1151,8,5,2006
1152,13,5,2006
1153,13,5,2006
1154,14,5,2006
1155,14,5,2006
1156,17,5,2006
1157,20,5,2006
1158,21,5,2006
1159,22,5,2006
1160,22,5,2006
1161,27,5,2006
1162,31,5,2006
1163,1,6,2006
1164,6,6,2006
1165,7,6,2006
1166,11,6,2006
1167,17,6,2006
1168,17,6,2006
1169,20,6,2016
1170,21,6,2006
1171,21,6,2006
1172,21,6,2006
1173,21,6,2006
1174,22,6,2006
1175,22,6,2006
1176,23,6,2006
1177,26,6,2006
1178,27,6,2006
1179,1,7,2006
1180,6,7,2006
1181,8,7,2006
1182,12,7,2006
1183,13,7,2006
1184,13,7,2006
1185,15,7,2006
1186,18,7,2006
1187,19,7,2006
1188,19,7,2006
1189,19,7,2006
1190,19,7,2006
1191,19,7,2006
1192,20,7,2006
1193,20,7,2006
1194,21,7,2006
1195,25,7,2006
1196,28,7,2006
1197,28,7,2006
1198,1,8,2006
1199,3,8,2006
1200,5,8,2006
1201,7,8,2006
1202,12,8,2006
1203,14,8,2006
1204,15,8,2006
1205,21,8,2006
1206,22,8,2006
1207,27,8,2006
1208,1,9,2006
1209,9,9,2006
1210,11,9,2006
1211,13,9,2006
1212,14,9,2006
1213,19,9,2006
1214,19,9,2006
1215,24,9,2006
1216,26,9,2006
1217,26,9,2006
1218,3,10,2006
1219,6,10,2006
1220,6,10,2006
1221,8,10,2006
1222,10,10,2006
1223,11,10,2006
1224,12,10,2006
1225,13,10,2006
1226,19,10,2006
1227,19,10,2006
1228,20,10,2006
1229,22,10,2006
1230,22,10,2006
1231,22,10,2006
1232,24,10,2006
1233,25,10,2006
1234,26,10,2006
1235,31,10,2006
1236,2,11,2006
1237,7,11,2006
1238,10,11,2006
1239,11,11,2006
1240,11,11,2006
1241,11,11,2006
1242,12,11,2006
1243,12,11,2006
1244,16,11,2006
1245,17,11,2006
1246,21,11,2006
1247,25,11,2006
1248,27,11,2006
1249,28,11,2006
1250,29,11,2006
1251,1,12,2006
1252,2,12,2006
1253,5,12,2006
1254,5,12,2006
1255,7,12,2006
1256,10,12,2006
1257,13,12,2006
1258,14,12,2006
1259,20,12,2006
1260,20,12,2006
1261,21,12,2006
1262,22,12,2006
1263,27,12,2006
1264,30,12,2006
1265,31,12,2006
1266,1,1,2007
1267,7,1,2007
1268,7,1,2007
1269,8,1,2007
1270,8,1,2007
1271,9,1,2007
1272,11,1,2007
1273,12,1,2007
1274,14,1,2007
1275,16,1,2007
1276,20,1,2007
1277,20,1,2007
1278,21,1,2007
1279,26,1,2007
1280,27,1,2007
1281,29,1,2007
1282,31,1,2007
1283,2,2,2007
1284,2,2,2007
1285,2,2,2007
1286,4,2,2007
1287,14,2,2007
1288,15,2,2007
1289,15,2,2007
1290,17,2,2007
1291,17,2,2007
1292,17,2,2007
1293,18,2,2007
1294,23,2,2007
1295,26,2,2007
1296,26,2,2007
1297,1,3,2007
1298,6,3,2007
1299,9,3,2007
1300,13,3,2007
1301,18,3,2007
1302,19,3,2007
1303,19,3,2007
1304,23,3,2007
1305,24,3,2007
1306,27,3,2007
1307,28,3,2007
1308,30,3,2007
1309,1,4,2007
1310,2,4,2007
1311,6,4,2007
1312,9,4,2007
1313,9,4,2007
1314,9,4,2007
1315,11,4,2007
1316,12,4,2007
1317,14,4,2007
1318,15,4,2007
1319,16,4,2007
1320,16,4,2007
1321,18,4,2007
1322,26,4,2007
1323,26,4,2007
1324,27,4,2007
1325,3,5,2007
1326,3,5,2007
1327,4,5,2007
1328,8,5,2007
1329,9,5,2007
1330,10,5,2007
1331,10,5,2007
1332,10,5,2007
1333,12,5,2007
1334,13,5,2007
1335,14,5,2007
1336,15,5,2007
1337,17,5,2007
1338,18,5,2007
1339,20,5,2007
1340,24,5,2007
1341,26,5,2007
1342,26,5,2007
1343,28,5,2007
1344,28,5,2007
1345,30,5,2007
1346,31,5,2007
1347,31,5,2007
1348,2,6,2007
1349,2,6,2007
1350,2,6,2007
1351,9,6,2007
1352,9,6,2007
1353,11,6,2007
1354,12,6,2007
1355,15,6,2007
1356,15,6,2007
1357,18,6,2007
1358,18,6,2007
1359,19,6,2007
1360,20,6,2007
1361,20,6,2007
1362,22,6,2007
1363,23,6,2007
1364,26,6,2007
1365,27,6,2007
1366,28,6,2007
1367,29,6,2007
1368,1,7,2007
1369,3,7,2007
1370,3,7,2007
1371,5,7,2007
1372,6,7,2007
1373,8,7,2007
1374,10,7,2007
1375,10,7,2007
1376,12,7,2007
1377,12,7,2007
1378,13,7,2007
1379,16,7,2007
1380,22,7,2007
1381,25,7,2007
1382,31,7,2007
1383,31,7,2007
1384,5,8,2007
1385,7,8,2007
1386,10,8,2007
1387,10,8,2007
1388,12,8,2007
1389,15,8,2007
1390,15,8,2007
1391,15,8,2007
1392,21,8,2007
1393,22,8,2007
1394,24,8,2007
1395,2,9,2007
1396,2,9,2007
1397,2,9,2007
1398,5,9,2007
1399,15,9,2007
1400,16,9,2007
1401,17,9,2007
1402,22,9,2007
1403,22,9,2007
1404,22,9,2007
1405,25,9,2007
1406,29,9,2007
1407,2,10,2007
1408,4,10,2007
1409,7,10,2007
1410,8,10,2007
1411,9,10,2007
1412,9,10,2007
1413,14,10,2007
1414,21,10,2007
1415,27,10,2007
1416,27,10,2007
1417,29,10,2007
1418,1,11,2007
1419,2,11,2007
1420,2,11,2007
1421,5,11,2007
1422,5,11,2007
1423,6,11,2007
1424,6,11,2007
1425,13,11,2007
1426,17,11,2007
1427,20,11,2007
1428,24,11,2007
1429,25,11,2007
1430,25,11,2007
1431,27,11,2007
1432,28,11,2007
1433,28,11,2007
1434,28,11,2007
1435,28,11,2007
1436,28,11,2007
1437,29,11,2007
1438,30,11,2007
1439,1,12,2007
1440,2,12,2007
1441,5,12,2007
1442,5,12,2007
1443,5,12,2007
1444,8,12,2007
1445,11,12,2007
1446,14,12,2007
1447,14,12,2007
1448,16,12,2007
1449,16,12,2007
1450,18,12,2007
1451,22,12,2007
1452,22,12,2007
1453,23,12,2007
1454,26,12,2007
1455,27,12,2007
1456,27,12,2007
1457,28,12,2007
1458,29,12,2007
1459,31,12,2007
1460,2,1,2008
1461,3,1,2008
1462,3,1,2008
1463,4,1,2008
1464,5,1,2008
1465,8,1,2008
1466,11,1,2008
1467,13,1,2008
1468,14,1,2008
1469,15,1,2008
1470,16,1,2008
1471,18,1,2008
1472,18,1,2008
1473,19,1,2008
1474,20,1,2008
1475,23,1,2008
1476,24,1,2008
1477,25,1,2008
1478,25,1,2008
1479,25,1,2008
1480,26,1,2008
1481,27,1,2008
1482,28,1,2008
1483,30,1,2008
1484,31,1,2008
1485,31,1,2008
1486,1,2,2008
1487,6,2,2008
1488,8,2,2008
1489,10,2,2008
1490,11,2,2008
1491,13,2,2008
1492,14,2,2008
1493,15,2,2008
1494,16,2,2008
1495,19,2,2008
1496,20,2,2008
1497,23,2,2008
1498,27,2,2008
1499,27,2,2008
1500,4,3,2008
1501,9,3,2008
1502,13,3,2008
1503,14,3,2008
1504,15,3,2008
1505,19,3,2008
1506,20,3,2008
1507,20,3,2008
1508,20,3,2008
1509,23,3,2008
1510,31,3,2008
1511,3,4,2008
1512,3,4,2008
1513,3,4,2008
1514,4,4,2008
1515,5,4,2008
1516,6,4,2008
1517,7,4,2008
1518,11,4,2008
1519,14,4,2008
1520,14,4,2008
1521,17,4,2008
1522,18,4,2008
1523,23,4,2008
1524,25,4,2008
1525,27,4,2008
1526,2,5,2008
1527,2,5,2008
1528,6,5,2008
1529,7,5,2008
1530,15,5,2008
1531,15,5,2008
1532,15,5,2008
1533,18,5,2008
1534,21,5,2008
1535,21,5,2008
1536,26,5,2008
1537,26,5,2008
1538,27,5,2008
1539,28,5,2008
1540,3,6,2008
1541,4,6,2008
1542,4,6,2008
1543,5,6,2008
1544,8,6,2008
1545,9,6,2008
1546,11,6,2008
1547,12,6,2008
1548,13,6,2008
1549,13,6,2008
1550,26,6,2008
1551,30,6,2008
1552,30,6,2008
1553,30,6,2008
1554,1,7,2008
1555,2,7,2008
1556,4,7,2008
1557,5,7,2008
1558,6,7,2008
1559,6,7,2008
1560,8,7,2008
1561,9,7,2008
1562,12,7,2008
1563,15,7,2008
1564,20,7,2008
1565,21,7,2008
1566,22,7,2008
1567,23,7,2008
1568,25,7,2008
1569,27,7,2008
1570,27,7,2008
1571,28,7,2008
1572,28,7,2008
1573,29,7,2008
1574,1,8,2008
1575,4,8,2008
1576,6,8,2008
1577,6,8,2008
1578,7,8,2008
1579,12,8,2008
1580,14,8,2008
1581,16,8,2008
1582,19,8,2008
1583,19,8,2008
1584,20,8,2008
1585,22,8,2008
1586,22,8,2008
1587,23,8,2008
1588,24,8,2008
1589,24,8,2008
1590,26,8,2008
1591,26,8,2008
1592,27,8,2008
1593,30,8,2008
1594,31,8,2008
1595,3,9,2008
1596,3,9,2008
1597,5,9,2008
1598,7,9,2008
1599,8,9,2008
1600,8,9,2008
1601,9,9,2008
1602,13,9,2008
1603,20,9,2008
1604,24,9,2008
1605,25,9,2008
1606,25,9,2008
1607,26,9,2008
1608,28,9,2008
1609,1,10,2008
1610,3,10,2008
1611,6,10,2008
1612,7,10,2008
1613,14,10,2008
1614,16,10,2008
1615,16,10,2008
1616,16,10,2008
1617,18,10,2008
1618,18,10,2008
1619,19,10,2008
1620,19,10,2008
1621,21,10,2008
1622,27,10,2008
1623,31,10,2008
1624,31,10,2008
1625,1,11,2008
1626,7,11,2008
1627,10,11,2008
1628,11,11,2008
1629,12,11,2008
1630,14,11,2008
1631,21,11,2008
1632,21,11,2008
1633,23,11,2008
1634,29,11,2008
1635,2,12,2008
1636,2,12,2008
1637,4,12,2008
1638,5,12,2008
1639,14,12,2008
1640,15,12,2008
1641,15,12,2008
1642,17,12,2008
1643,21,12,2008
1644,22,12,2008
1645,23,12,2008
1646,23,12,2008
1647,25,12,2008
1648,25,12,2008
1649,28,12,2008
1650,29,12,2008
1651,2,1,2009
1652,2,1,2009
1653,3,1,2009
1654,4,1,2009
1655,5,1,2009
1656,10,1,2009
1657,13,1,2009
1658,13,1,2009
1659,16,1,2009
1660,18,1,2009
1661,19,1,2009
1662,20,1,2009
1663,20,1,2009
1664,23,1,2009
1665,25,1,2009
1666,29,1,2009
1667,30,1,2009
1668,30,1,2009
1669,30,1,2009
1670,30,1,2009
1671,3,2,2009
1672,4,2,2009
1673,6,2,2009
1674,6,2,2009
1675,6,2,2009
1676,9,2,2009
1677,10,2,2009
1678,10,2,2009
1679,11,2,2009
1680,12,2,2009
1681,13,2,2009
1682,14,2,2009
1683,16,2,2009
1684,19,2,2009
1685,20,2,2009
1686,27,2,2009
1687,27,2,2009
1688,1,3,2009
1689,5,3,2009
1690,7,3,2009
1691,9,3,2009
1692,11,3,2009
1693,12,3,2009
1694,13,3,2009
1695,17,3,2009
1696,17,3,2009
1697,19,3,2009
1698,20,3,2009
1699,22,3,2009
1700,22,3,2009
1701,24,3,2009
1702,24,3,2009
1703,26,3,2009
1704,27,3,2009
1705,29,3,2009
1706,30,3,2009
1707,31,3,2009
1708,6,4,2009
1709,13,4,2009
1710,14,4,2009
1711,15,4,2009
1712,15,4,2009
1713,16,4,2009
1714,17,4,2009
1715,18,4,2009
1716,21,4,2009
1717,23,4,2009
1718,29,4,2009
1719,29,4,2009
1720,3,5,2009
1721,3,5,2009
1722,7,5,2009
1723,10,5,2009
1724,14,5,2009
1725,17,5,2009
1726,18,5,2009
1727,20,5,2009
1728,21,5,2009
1729,22,5,2009
1730,23,5,2009
1731,23,5,2009
1732,28,5,2009
1733,29,5,2009
1734,30,5,2009
1735,1,6,2009
1736,1,6,2009
1737,1,6,2009
1738,5,6,2009
1739,6,6,2009
1740,9,6,2009
1741,11,6,2009
1742,12,6,2009
1743,12,6,2009
1744,19,6,2009
1745,27,6,2009
1746,27,6,2009
1747,28,6,2009
1748,30,6,2009
1749,1,7,2009
1750,3,7,2009
1751,3,7,2009
1752,7,7,2009
1753,9,7,2009
1754,11,7,2009
1755,11,7,2009
1756,11,7,2009
1757,16,7,2009
1758,19,7,2009
1759,20,7,2009
1760,20,7,2009
1761,22,7,2009
1762,23,7,2009
1763,2,8,2009
1764,8,8,2009
1765,11,8,2009
1766,11,8,2009
1767,19,8,2009
1768,20,8,2009
1769,28,8,2009
1770,29,8,2009
1771,1,9,2009
1772,2,9,2009
1773,2,9,2009
1774,5,9,2009
1775,10,9,2009
1776,12,9,2009
1777,15,9,2009
1778,17,9,2009
1779,17,9,2009
1780,19,9,2009
1781,19,9,2009
1782,19,9,2009
1783,20,9,2009
1784,21,9,2009
1785,22,9,2009
1786,24,9,2009
1787,25,9,2009
1788,26,9,2009
1789,26,9,2009
1790,27,9,2009
1791,28,9,2009
1792,29,9,2009
1793,30,9,2009
1794,30,9,2009
1795,3,10,2009
1796,3,10,2009
1797,5,10,2009
1798,6,10,2009
1799,8,10,2009
1800,9,10,2009
1801,9,10,2009
1802,11,10,2009
1803,12,10,2009
1804,13,10,2009
1805,15,10,2009
1806,16,10,2009
1807,18,10,2009
1808,19,10,2009
1809,20,10,2009
1810,20,10,2009
1811,21,10,2009
1812,22,10,2009
1813,25,10,2009
1814,25,10,2009
1815,26,10,2009
1816,26,10,2009
1817,2,11,2009
1818,2,11,2009
1819,3,11,2009
1820,7,11,2009
1821,7,11,2009
1822,12,11,2009
1823,12,11,2009
1824,13,11,2009
1825,13,11,2009
1826,14,11,2009
1827,20,11,2009
1828,21,11,2009
1829,25,11,2009
1830,26,11,2009
1831,27,11,2009
1832,29,11,2009
1833,1,12,2009
1834,3,12,2009
1835,5,12,2009
1836,7,12,2009
1837,13,12,2009
1838,14,12,2009
1839,14,12,2009
1840,15,12,2009
1841,16,12,2009
1842,19,12,2009
1843,19,12,2009
1844,20,12,2009
1845,24,12,2009
1846,24,12,2009
1847,25,12,2009
1848,27,12,2009
1849,28,12,2009
1850,2,1,2010
1851,9,1,2010
1852,9,1,2010
1853,23,1,2010
1854,24,1,2010
1855,25,1,2010
1856,31,1,2010
1857,4,2,2010
1858,4,2,2010
1859,4,2,2010
1860,5,2,2010
1861,10,2,2010
1862,11,2,2010
1863,12,2,2010
1864,12,2,2010
1865,15,2,2010
1866,16,2,2010
1867,18,2,2010
1868,23,2,2010
1869,25,2,2010
1870,26,2,2010
1871,4,3,2010
1872,7,3,2010
1873,7,3,2010
1874,9,3,1910
1875,14,3,2010
1876,14,3,2010
1877,14,3,2010
1878,15,3,2010
1879,16,3,2010
1880,16,3,2010
1881,17,3,2010
1882,17,3,2010
1883,19,3,2010
1884,20,3,2010
1885,23,3,2010
1886,24,3,2010
1887,25,3,2010
1888,28,3,2010
1889,28,3,2010
1890,28,3,2010
1891,31,3,2010
1892,3,4,2010
1893,3,4,2010
1894,3,4,2010
1895,4,4,2010
1896,9,4,2010
1897,9,4,2010
1898,10,4,2010
1899,10,4,2010
1900,10,4,2010
1901,10,4,2010
1902,10,4,2010
1903,13,4,2010
1904,15,4,2010
1905,17,4,2010
1906,17,4,2010
1907,18,4,2010
1908,18,4,2010
1909,21,4,2010
1910,23,4,2010
1911,23,4,2010
1912,25,4,2010
1913,31,4,2010
1914,1,5,2010
1915,5,5,2010
1916,11,5,2010
1917,14,5,2010
1918,16,5,2010
1919,20,5,2010
1920,20,5,2010
1921,21,5,2010
1922,21,5,2010
1923,21,5,2010
1924,42,5,2010
1925,27,5,2010
1926,28,5,2010
1927,30,5,2010
1928,1,6,2010
1929,6,6,2010
1930,6,6,2010
1931,7,6,2010
1932,9,6,2010
1933,10,6,2010
1934,10,6,2010
1935,10,6,2010
1936,12,6,2010
1937,13,6,2010
1938,15,6,2010
1939,16,6,2010
1940,17,6,2010
1941,17,6,2010
1942,17,6,2010
1943,19,6,2010
1944,22,6,2010
1945,24,6,2010
1946,26,6,2010
1947,28,6,2010
1948,30,6,2010
1949,2,7,2010
1950,5,7,2010
1951,5,7,2010
1952,6,7,2010
1953,8,7,2010
1954,10,7,2010
1955,12,7,2010
1956,14,7,2010
1957,14,7,2010
1958,15,7,2010
1959,20,7,2010
1960,26,7,2010
1961,27,7,2010
1962,1,8,2010
1963,3,8,2010
1964,8,8,2010
1965,9,8,2010
1966,10,8,2010
1967,11,8,2010
1968,14,8,2010
1969,15,8,2010
1970,16,8,2010
1971,16,8,2010
1972,20,8,2010
1973,24,8,2010
1974,24,8,2010
1975,26,8,2010
1976,26,8,2010
1977,27,8,2010
1978,28,8,2010
1979,31,8,2010
1980,5,9,2010
1981,5,9,2010
1982,5,9,2010
1983,7,9,2010
1984,10,9,2010
1985,13,9,2010
1986,13,9,2010
1987,17,9,2010
1988,18,9,2010
1989,21,9,2010
1990,24,9,2010
1991,25,9,2010
1992,27,9,2010
1993,2,10,2010
1994,3,10,2010
1995,4,10,2010
1996,4,10,2010
1997,4,10,2010
1998,9,10,2010
1999,9,10,2010
2000,12,10,2010
2001,13,10,2010
2002,14,10,2010
2003,16,10,2010
2004,21,10,2010
2005,21,10,2010
2006,25,10,2010
2007,29,10,2010
2008,29,10,2010
2009,30,10,2010
2010,30,10,2010
2011,31,10,2010
2012,2,11,2010
2013,3,11,2010
2014,4,11,2010
2015,7,11,2010
2016,10,11,2010
2017,12,11,2010
2018,13,11,2010
2019,14,11,2010
2020,16,11,2010
2021,19,11,2010
2022,21,11,2010
2023,23,11,2010
2024,23,11,2010
2025,24,11,2010
2026,26,11,2010
2027,1,12,2010
2028,3,12,2010
2029,4,12,2010
2030,6,12,2010
2031,6,12,2010
2032,7,12,2010
2033,7,12,2010
2034,8,12,2010
2035,9,12,2010
2036,10,12,2010
2037,10,12,2010
2038,11,12,2010
2039,11,12,2010
2040,13,12,2010
2041,14,12,2010
2042,17,12,2010
2043,18,12,2010
2044,20,12,2010
2045,22,12,2010
2046,24,12,2010
2047,25,12,2010
2048,25,12,2010
2049,27,12,2010
2050,28,12,2010
2051,2,1,2011
2052,2,1,2011
2053,5,1,2011
2054,5,1,2011
2055,6,1,2011
2056,11,1,2011
2057,13,1,2011
2058,14,1,2011
2059,15,1,2011
2060,16,1,2011
2061,17,1,2011
2062,18,1,2011
2063,18,1,2011
2064,19,1,2011
2065,20,1,2011
2066,20,1,2011
2067,21,1,2011
2068,23,1,2011
2069,27,1,2011
2070,29,1,2011
2071,2,2,2011
2072,4,2,2011
2073,5,2,2011
2074,5,2,2011
2075,6,2,2011
2076,7,2,2011
2077,8,2,2011
2078,9,2,2011
2079,10,2,2011
2080,11,2,2011
2081,13,2,2011
2082,16,2,2011
2083,22,2,2011
2084,22,2,2011
2085,23,2,2011
2086,23,2,2011
2087,23,2,2011
2088,25,2,2011
2089,25,2,2011
2090,27,2,2011
2091,27,2,2011
2092,1,3,2011
2093,1,3,2011
2094,5,3,2011
2095,5,3,2011
2096,9,3,2011
2097,9,3,2011
2098,10,3,2011
2099,15,3,2011
2100,16,3,2011
2101,17,3,2011
2102,19,3,2011
2103,21,3,2011
2104,24,3,2011
2105,25,3,2011
2106,25,3,2011
2107,28,3,2011
2108,31,3,2011
2109,7,4,2011
2110,11,4,2011
2111,15,4,2011
2112,18,4,2011
2113,21,4,2011
2114,22,4,2011
2115,22,4,2011
2116,23,4,2011
2117,23,4,2011
2118,23,4,2011
2119,24,4,2011
2120,25,4,2011
2121,27,4,2011
2122,30,4,2011
2123,2,5,2011
2124,2,5,2011
2125,5,5,2011
2126,6,5,2011
2127,7,5,2011
2128,8,5,2011
2129,9,5,2011
2130,12,5,2011
2131,13,5,2011
2132,15,5,2011
2133,15,5,2011
2134,17,5,2011
2135,27,5,2011
2136,27,5,2011
2137,29,5,2011
2138,30,5,2011
2139,1,6,2011
2140,2,6,2011
2141,3,6,2011
2142,8,6,2011
2143,8,6,2011
2144,11,6,2011
2145,12,6,2011
2146,13,6,2011
2147,13,6,2011
2148,13,6,2011
2149,14,6,2011
2150,15,6,2011
2151,15,6,2011
2152,17,6,2011
2153,17,6,2011
2154,19,6,2011
2155,20,6,2011
2156,21,6,2011
2157,22,6,2011
2158,27,6,2011
2159,1,7,2011
2160,6,7,2011
2161,9,7,2011
2162,9,7,2011
2163,9,7,2011
2164,10,7,2011
2165,11,7,2011
2166,13,7,2011
2167,14,7,2011
2168,15,7,2011
2169,16,7,2011
2170,20,7,2011
2171,22,7,2011
2172,23,7,2011
2173,26,7,2011
2174,26,7,2011
2175,27,7,2011
2176,27,7,2011
2177,28,7,2011
2178,29,7,2011
2179,31,7,2011
2180,2,8,2011
2181,4,8,2011
2182,5,8,2011
2183,6,8,2011
2184,9,8,2011
2185,12,8,2011
2186,13,8,2011
2187,15,8,2011
2188,17,8,2011
2189,19,8,2011
2190,1,9,2011
2191,3,9,2011
2192,9,9,2011
2193,11,9,2011
2194,12,9,2011
2195,12,9,2011
2196,14,9,2011
2197,15,9,2011
2198,15,9,2011
2199,16,9,2011
2200,19,9,2011
2201,21,9,2011
2202,22,9,2011
2203,22,9,2011
2204,30,9,2011
2205,6,10,2011
2206,6,10,2011
2207,6,10,2011
2208,7,10,2011
2209,8,10,2011
2210,10,10,2011
2211,12,10,2011
2212,16,10,2011
2213,17,10,2011
2214,19,10,2011
2215,21,10,2011
2216,22,10,2011
2217,25,10,2011
2218,26,10,2011
2219,29,10,2011
2220,1,11,2011
2221,3,11,2011
2222,4,11,2011
2223,11,11,2011
2224,13,11,2011
2225,15,11,2011
2226,16,11,2011
2227,18,11,2011
2228,19,11,2011
2229,24,11,2011
2230,24,11,2011
2231,24,11,2011
2232,26,11,2011
2233,29,11,2011
2234,31,11,2011
2235,1,12,2011
2236,3,12,2011
2237,5,12,2011
2238,5,12,2011
2239,6,12,2011
2240,7,12,2011
2241,8,12,2011
2242,9,12,2011
2243,10,12,2011
2244,14,12,2011
2245,14,12,2011
2246,17,12,2011
2247,18,12,2011
2248,18,12,2011
2249,19,12,2011
2250,21,12,2011
2251,21,12,2011
2252,22,12,2011
2253,22,12,2011
2254,23,12,2011
2255,25,12,2011
2256,26,12,2011
2257,28,12,2011
2258,29,12,2011
2259,30,12,2011
2260,31,12,2011
2261,2,1,2012
2262,2,1,2012
2263,3,1,2012
2264,5,1,2012
2265,6,1,2012
2266,6,1,2012
2267,7,1,2012
2268,7,1,2012
2269,8,1,2012
2270,9,1,2012
2271,13,1,2012
2272,14,1,2012
2273,16,1,2012
2274,16,1,2012
2275,20,1,2012
2276,21,1,2012
2277,22,1,2012
2278,25,1,2012
2279,28,1,2012
2280,29,1,2012
2281,3,2,2012
2282,4,2,2012
2283,10,2,2012
2284,12,2,2012
2285,15,2,2012
2286,16,2,2012
2287,19,2,2012
2288,20,2,2012
2289,23,2,2012
2290,23,2,2012
2291,25,2,2012
2292,25,2,2012
2293,25,2,2012
2294,29,2,2012
2295,2,3,2012
2296,6,3,2012
2297,9,3,2012
2298,10,3,2012
2299,11,3,2012
2300,13,3,2012
2301,14,3,2012
2302,18,3,2012
2303,20,3,2012
2304,24,3,2012
2305,26,3,2012
2306,27,3,2012
2307,28,3,2012
2308,28,3,2012
2309,30,3,2012
2310,1,4,2012
2311,1,4,2012
2312,1,4,2012
2313,2,4,2012
2314,2,4,2012
2315,5,4,2012
2316,7,4,2012
2317,8,4,2012
2318,9,4,2012
2319,9,4,2012
2320,10,4,2012
2321,11,4,2012
2322,13,4,2012
2323,14,4,2012
2324,18,4,2012
2325,20,4,2012
2326,21,4,2012
2327,23,4,2012
2328,23,4,2012
2329,24,4,2012
2330,2,5,2012
2331,2,5,2012
2332,3,5,2012
2333,7,5,2012
2334,9,5,2012
2335,9,5,2012
2336,11,5,2012
2337,11,5,2012
2338,12,5,2012
2339,12,5,2012
2340,12,5,2012
2341,13,5,2012
2342,13,5,2012
2343,14,5,2012
2344,19,5,2012
2345,25,5,2012
2346,26,5,2012
2347,30,5,2012
2348,31,5,2012
2349,31,5,2012
2350,31,5,2012
2351,2,6,2012
2352,3,6,2012
2353,7,6,2012
2354,11,6,2012
2355,12,6,2012
2356,16,6,2012
2357,19,6,2012
2358,22,6,2012
2359,25,6,2012
2360,25,6,2012
2361,26,6,2012
2362,27,6,2012
2363,28,6,2012
2364,2,7,2012
2365,4,7,2012
2366,9,7,2012
2367,10,7,2012
2368,10,7,2012
2369,10,7,2012
2370,12,7,2012
2371,12,7,2012
2372,12,7,2012
2373,13,7,2012
2374,13,7,2012
2375,15,7,2012
2376,16,7,2012
2377,17,7,2012
2378,18,7,2012
2379,21,7,2012
2380,24,7,2012
2381,28,7,2012
2382,1,8,2012
2383,4,8,2012
2384,4,8,2012
2385,5,8,2012
2386,11,8,2012
2387,15,8,2012
2388,20,8,2012
2389,21,8,2012
2390,21,8,2012
2391,24,8,2012
2392,1,9,2012
2393,5,9,2012
2394,6,9,2012
2395,9,9,2012
2396,9,9,2012
2397,12,9,2012
2398,13,9,2012
2399,14,9,2012
2400,15,9,2012
2401,21,9,2012
2402,22,9,2012
2403,24,9,2012
2404,29,9,2012
2405,30,9,2012
2406,5,10,2012
2407,6,10,2012
2408,9,10,2012
2409,11,10,2012
2410,11,10,2012
2411,11,10,2012
2412,11,10,2012
2413,11,10,2012
2414,13,10,2012
2415,25,10,2012
2416,27,10,2012
2417,30,10,2012
2418,1,11,2012
2419,6,11,2012
2420,12,11,2012
2421,12,11,2012
2422,12,11,2012
2423,13,11,2012
2424,14,11,2012
2425,15,11,2012
2426,16,11,2012
2427,16,11,2012
2428,17,11,2012
2429,17,11,2012
2430,23,11,2012
2431,23,11,2012
2432,25,11,2012
2433,25,11,2012
2434,29,11,2012
2435,1,12,2012
2436,6,12,2012
2437,10,12,2012
2438,16,12,2012
2439,17,12,2012
2440,17,12,2012
2441,18,12,2012
2442,18,12,2012
2443,21,12,2012
2444,22,12,2012
2445,31,12,2012
2446,31,12,2012
2447,4,1,2013
2448,5,1,2013
2449,6,1,2013
2450,6,1,2013
2451,6,1,2013
2452,7,1,2013
2453,9,1,2013
2454,10,1,2013
2455,11,1,2013
2456,12,1,2013
2457,19,1,2013
2458,22,1,2013
2459,22,1,2013
2460,25,1,2013
2461,25,1,2013
2462,26,1,2013
2463,28,1,2013
2464,28,1,2013
2465,28,1,2013
2466,31,1,2013
2467,3,2,2013
2468,3,2,2013
2469,3,2,2013
2470,4,2,2013
2471,5,2,2013
2472,6,2,2013
2473,8,2,2013
2474,12,2,2013
2475,15,2,2013
2476,17,2,2013
2477,17,2,2013
2478,21,2,2013
2479,21,2,2013
2480,25,2,2013
2481,26,2,2013
2482,26,2,2013
2483,27,2,2013
2484,27,2,2013
2485,8,3,2013
2486,11,3,2013
2487,15,3,2013
2488,18,3,2013
2489,20,3,2013
2490,2,4,2013
2491,3,4,2013
2492,5,4,2013
2493,6,4,2013
2494,6,4,2013
2495,7,4,2013
2496,7,4,2013
2497,9,4,2013
2498,10,4,2013
2499,10,4,2013
2500,18,4,2013
2501,21,4,2013
2502,22,4,2013
2503,28,4,2013
2504,28,4,2013
2505,5,5,2013
2506,5,5,2013
2507,7,5,2013
2508,10,5,2013
2509,11,5,2013
2510,11,5,2013
2511,15,5,2013
2512,23,5,2013
2513,23,5,2013
2514,29,5,2013
2515,30,5,2013
2516,2,6,2013
2517,3,6,2013
2518,3,6,2013
2519,10,6,2013
2520,10,6,2013
2521,19,6,2013
2522,19,6,2013
2523,20,6,2013
2524,21,6,2013
2525,22,6,2013
2526,29,6,2013
2527,5,7,2013
2528,8,7,2013
2529,11,7,2013
2530,13,7,2013
2531,19,7,2013
2532,19,7,2013
2533,20,7,2013
2534,26,7,2013
2535,27,7,2013
2536,29,7,2013
2537,1,8,2013
2538,1,8,2013
2539,1,8,2013
2540,4,8,2013
2541,11,8,2013
2542,12,8,2013
2543,14,8,2013
2544,14,8,2013
2545,16,8,2013
2546,18,8,2013
2547,20,8,2013
2548,22,8,2013
2549,23,8,2013
2550,25,8,2013
2551,31,8,2013
2552,1,9,2013
2553,4,9,2013
2554,5,9,2013
2555,8,9,2013
2556,8,9,2013
2557,13,9,2013
2558,14,9,2013
2559,14,9,2013
2560,19,9,2013
2561,21,9,2013
2562,23,9,2013
2563,24,9,2013
2564,25,9,2013
2565,26,9,2013
2566,27,9,2013
2567,27,9,2013
2568,29,9,2013
2569,29,9,2013
2570,30,9,2013
2571,5,10,2013
2572,5,10,2013
2573,7,10,2013
2574,8,10,2013
2575,12,10,2013
2576,15,10,2013
2577,16,10,2013
2578,17,10,2013
2579,18,10,2013
2580,21,10,2013
2581,21,10,2013
2582,22,10,2013
2583,22,10,2013
2584,22,10,2013
2585,31,10,2013
2586,1,11,2013
2587,4,11,2013
2588,10,11,2013
2589,10,11,2013
2590,14,11,2013
2591,16,11,2013
2592,16,11,2013
2593,17,11,2013
2594,20,11,2013
2595,20,11,2013
2596,24,11,2013
2597,25,11,2013
2598,2,12,2013
2599,6,12,2013
2600,7,12,2013
2601,9,12,2013
2602,9,12,2013
2603,10,12,2013
2604,12,12,2013
2605,13,12,2013
2606,14,12,2013
2607,15,12,2013
2608,16,12,2013
2609,17,12,2013
2610,18,12,2013
2611,19,12,2013
2612,21,12,2013
2613,26,12,2013
2614,29,12,2013
2615,1,1,2014
2616,2,1,2014
2617,4,1,2014
2618,9,1,2014
2619,9,1,2014
2620,10,1,2014
2621,12,1,2014
2622,12,1,2014
2623,12,1,2014
2624,16,1,2014
2625,17,1,2014
2626,22,1,2014
2627,22,1,2014
2628,23,1,2014
2629,24,1,2014
2630,27,1,2014
2631,28,1,2014
2632,29,1,2014
2633,29,1,2014
2634,4,2,2014
2635,4,2,2014
2636,6,2,2014
2637,6,2,2014
2638,7,2,2014
2639,9,2,2014
2640,10,2,2014
2641,10,2,2014
2642,13,2,2014
2643,14,2,2014
2644,17,2,2014
2645,19,2,2014
2646,20,2,2014
2647,23,2,2014
2648,24,2,2014
2649,24,2,2014
2650,24,2,2014
2651,27,2,2014
2652,1,3,2014
2653,4,3,2014
2654,5,3,2014
2655,7,3,2014
2656,10,3,2014
2657,14,3,2014
2658,22,3,2014
2659,23,3,2014
2660,23,3,2014
2661,23,3,2014
2662,24,3,2014
2663,26,3,2014
2664,28,3,2014
2665,30,3,2014
2666,2,4,2014
2667,4,4,2014
2668,6,4,2014
2669,8,4,2014
2670,11,4,2014
2671,12,4,2014
2672,15,4,2014
2673,17,4,2014
2674,18,4,2014
2675,20,4,2014
2676,24,4,2014
2677,24,4,2014
2678,1,5,2014
2679,2,5,2014
2680,5,5,2014
2681,7,5,2014
2682,7,5,2014
2683,7,5,2014
2684,8,5,2014
2685,11,5,2014
2686,12,5,2014
2687,12,5,2014
2688,12,5,2014
2689,12,5,2014
2690,13,5,2014
2691,13,5,2014
2692,18,5,2014
2693,18,5,2014
2694,18,5,2014
2695,20,5,2014
2696,23,5,2014
2697,25,5,2014
2698,28,5,2014
2699,31,5,2014
2700,1,6,2014
2701,1,6,2014
2702,2,6,2014
2703,2,6,2014
2704,2,6,2014
2705,3,6,2014
2706,4,6,2014
2707,6,6,2014
2708,9,6,2014
2709,14,6,2014
2710,16,6,2014
2711,24,6,2014
2712,25,6,2014
2713,2,7,2014
2714,5,7,2014
2715,7,7,2014
2716,7,7,2014
2717,8,7,2014
2718,8,7,2014
2719,10,7,2014
2720,12,7,2014
2721,13,7,2014
2722,17,7,2014
2723,17,7,2014
2724,20,7,2014
2725,20,7,2014
2726,24,7,2014
2727,25,7,2014
2728,27,7,2014
2729,28,7,2014
2730,29,7,2014
2731,3,8,2014
2732,5,8,2014
2733,6,8,2014
2734,8,8,2014
2735,9,8,2014
2736,10,8,2014
2737,16,8,2014
2738,18,8,2014
2739,19,8,2014
2740,21,8,2014
2741,23,8,2014
2742,23,8,2014
2743,24,8,2014
2744,24,8,2014
2745,26,8,2014
2746,28,8,2014
2747,30,8,2014
2748,30,8,2014
2749,2,9,2014
2750,3,9,2014
2751,16,9,2014
2752,17,9,2014
2753,18,9,2014
2754,20,9,2014
2755,22,9,2014
2756,23,9,2014
2757,26,9,2014
2758,26,9,2014
2759,27,9,2014
2760,28,9,2014
2761,28,9,2014
2762,29,9,2014
2763,2,10,2014
2764,6,10,2014
2765,6,10,2014
2766,8,10,2014
2767,9,10,2014
2768,10,10,2014
2769,12,10,2014
2770,12,10,2014
2771,16,10,2014
2772,17,10,2014
2773,17,10,2014
2774,22,10,2014
2775,23,10,2014
2776,24,10,2014
2777,25,10,2014
2778,27,10,2014
2779,30,10,2014
2780,31,10,2014
2781,2,11,2014
2782,4,11,2014
2783,7,11,2014
2784,14,11,2014
2785,14,11,2014
2786,16,11,2014
2787,25,11,2014
2788,26,11,2014
2789,29,11,2014
2790,4,12,2014
2791,4,12,2014
2792,6,12,2014
2793,8,12,2014
2794,13,12,2014
2795,14,12,2014
2796,15,12,2014
2797,16,12,2014
2798,18,12,2014
2799,23,12,2014
2800,24,12,2014
2801,25,12,2014
2802,25,12,2014
2803,26,12,2014
2804,28,12,2014
2805,30,12,2014
2806,1,1,2015
2807,2,1,2015
2808,2,1,2015
2809,6,1,2015
2810,8,1,2015
2811,9,1,2015
2812,9,1,2015
2813,9,1,2015
2814,10,1,2015
2815,10,1,2015
2816,18,1,2015
2817,23,1,2015
2818,24,1,2015
2819,25,1,2015
2820,1,2,2015
2821,2,2,2015
2822,4,2,2015
2823,5,2,2015
2824,8,2,2015
2825,11,2,2015
2826,14,2,2015
2827,16,2,2015
2828,16,2,2015
2829,21,2,2015
2830,23,2,2015
2831,27,2,2015
2832,3,3,2015
2833,4,3,2015
2834,7,3,2015
2835,10,3,2015
2836,10,3,2015
2837,11,3,2015
2838,12,3,2015
2839,15,3,2015
2840,15,3,2015
2841,17,3,2015
2842,20,3,2015
2843,21,3,2015
2844,25,3,2015
2845,25,3,2015
2846,27,3,2015
2847,28,3,2015
2848,28,3,2015
2849,29,3,2015
2850,29,3,2015
2851,1,4,2015
2852,2,4,2015
2853,3,4,2015
2854,3,4,2015
2855,3,4,2015
2856,4,4,2015
2857,6,4,2015
2858,9,4,2015
2859,11,4,2015
2860,11,4,2015
2861,11,4,2015
2862,12,4,2015
2863,14,4,2015
2864,14,4,2015
2865,16,4,2015
2866,19,4,2015
2867,20,4,2015
2868,26,4,2015
2869,26,4,2015
2870,26,4,2015
2871,28,4,2015
2872,28,4,2015
2873,29,4,2015
2874,30,4,2015
2875,2,5,2015
2876,2,5,2015
2877,8,5,2015
2878,9,5,2015
2879,10,5,2015
2880,12,5,2015
2881,14,5,2015
2882,17,5,2015
2883,18,5,2015
2884,23,5,2015
2885,23,5,2015
2886,26,5,2015
2887,27,5,2015
2888,29,5,2015
2889,29,5,2015
2890,31,5,2015
2891,2,6,2015
2892,4,6,2015
2893,7,6,2015
2894,10,6,2015
2895,12,6,2015
2896,13,6,2015
2897,14,6,2015
2898,15,6,2015
2899,15,6,2015
2900,15,6,2015
2901,17,6,2015
2902,18,6,2015
2903,22,6,2015
2904,25,6,2015
2905,1,7,2015
2906,3,7,2015
2907,9,7,2015
2908,11,7,2015
2909,14,7,2015
2910,14,7,2015
2911,15,7,2015
2912,22,7,2015
2913,25,7,2015
2914,25,7,2015
2915,26,7,2015
2916,30,7,2015
2917,31,7,2015
2918,1,8,2015
2919,2,8,2015
2920,2,8,2015
2921,4,8,2015
2922,11,8,2015
2923,13,8,2015
2924,14,8,2015
2925,16,8,2015
2926,17,8,2015
2927,17,8,2015
2928,18,8,2015
2929,18,8,2015
2930,20,8,2015
2931,22,8,2015
2932,23,8,2015
2933,28,8,2015
2934,28,8,2015
2935,30,8,2015
2936,1,9,2015
2937,2,9,2015
2938,4,9,2015
2939,5,9,2015
2940,6,9,2015
2941,7,9,2015
2942,8,9,2015
2943,11,9,2015
2944,17,9,2015
2945,19,9,2015
2946,24,9,2015
2947,25,9,2015
2948,26,9,2015
2949,28,9,2015
2950,28,9,2015
2951,28,9,2015
2952,28,9,2015
2953,29,9,2015
2954,30,9,2015
2955,1,10,2015
2956,6,10,2015
2957,8,10,2015
2958,11,10,2015
2959,11,10,2015
2960,12,10,2015
2961,14,10,2015
2962,15,10,2015
2963,16,10,2015
2964,18,10,2015
2965,20,10,2015
2966,21,10,2015
2967,22,10,2015
2968,23,10,2015
2969,24,10,2015
2970,27,10,2015
2971,27,10,2015
2972,28,10,2015
2973,29,10,2015
2974,3,11,2015
2975,5,11,2015
2976,6,11,2015
2977,7,11,2015
2978,9,11,2015
2979,11,11,2015
2980,13,11,2015
2981,16,11,2015
2982,16,11,2015
2983,16,11,2015
2984,17,11,2015
2985,17,11,2015
2986,17,11,2015
2987,19,11,2015
2988,24,11,2015
2989,25,11,2015
2990,26,11,2015
2991,28,11,2015
2992,30,11,2015
2993,3,12,2015
2994,4,12,2015
2995,4,12,2015
2996,5,12,2015
2997,6,12,2015
2998,12,12,2015
2999,14,12,2015
3000,27,12,2015
